Column1,Column2,Column3,Column4,Column5,Column6,Column7
,,,,,,
,Height,Weight,Age,Grip_strength,Frailty,Weight_kg
0,65.8,112,30,30,n,50.802304
1,71.5,136,19,31,n,61.688512
2,69.4,153,45,29,n,69.399576
3,68.2,142,22,28,y,64.410064
4,67.8,144,29,24,y,65.317248
5,68.7,123,50,26,n,55.791816
6,69.8,141,51,22,y,63.956472
7,70.1,136,23,20,y,61.688512
8,67.9,112,17,19,n,50.802304
9,66.8,120,39,31,n,54.431040
